algo,x,mean,std,count
ojollm,0.0,0.8454943826602431,0.0008014824335457378,4
ojollm,30.0,0.847191985354673,0.0,1
ojollm,33.0,0.847191985354673,0.0,1
ojollm,34.0,0.847191985354673,0.0,1
ojollm,37.0,0.847191985354673,0.0,1
ojollm,60.0,0.847191985354673,0.0008786749379277592,2
ojollm,64.0,0.847191985354673,0.0,1
ojollm,71.0,0.847191985354673,0.0,1
ojollm,89.0,0.8474179082253922,0.0,1
ojollm,92.0,0.8474179082253922,0.0,1
ojollm,94.0,0.8474179082253922,0.0,1
ojollm,99.0,0.8474179082253922,0.0,1
ojollm,117.0,0.8500762433047419,0.0,1
ojollm,122.0,0.8500762433047419,0.0,1
ojollm,124.0,0.8500762433047419,0.0,1
ojollm,133.0,0.8500762433047419,0.0,1
ojollm,145.0,0.8500847688837806,0.0,1
ojollm,150.0,0.8500847688837806,0.0,1
ojollm,156.0,0.8500847688837806,0.0,1
ojollm,170.0,0.8500847688837806,0.0,1
ojollm,179.0,0.8544418450884119,0.0,1
ojollm,182.0,0.8544418450884119,0.0,1
ojollm,187.0,0.8544418450884119,0.0,1
ojollm,204.0,0.8544418450884119,0.0,1
ojollm,206.0,0.8544766871513735,0.0,1
ojollm,209.0,0.8544766871513735,0.0,1
ojollm,214.0,0.8544766871513735,0.0,1
ojollm,233.0,0.8544766871513735,0.0,1
ojollm,234.0,0.8547328478894572,0.0,1
ojollm,239.0,0.8547328478894572,0.0,1
ojollm,243.0,0.8547328478894572,0.0,1
ojollm,261.0,0.8547328478894572,0.003751841670762257,2
ojollm,268.0,0.8547328478894572,0.0,1
ojollm,274.0,0.8547328478894572,0.0,1
ojollm,284.0,0.854762430789528,0.0,1
ojollm,290.0,0.854762430789528,0.0,1
ojollm,299.0,0.854762430789528,0.0,1
ojollm,305.0,0.854762430789528,0.0,1
ojollm,313.0,0.854765869092111,0.0,1
ojollm,322.0,0.854765869092111,0.0,1
ojollm,330.0,0.854765869092111,0.0,1
ojollm,337.0,0.854765869092111,0.0,1
ojollm,338.0,0.8547681220901401,0.0,1
ojollm,353.0,0.8547681220901401,0.0,1
ojollm,356.0,0.8573699557707016,0.0,1
ojollm,362.0,0.8573699557707016,0.0,1
ojollm,364.0,0.8573699557707016,0.0,1
ojollm,379.0,0.8573699557707016,0.0,1
ojollm,384.0,0.8573740411218014,0.0,1
ojollm,394.0,0.8573740411218014,0.0,1
ojollm,398.0,0.8573740411218014,0.0,1
ojollm,408.0,0.8573740411218014,0.0,1
ojollm,417.0,0.8573741155991276,0.0,1
ojollm,424.0,0.8573741155991276,0.0,1
ojollm,427.0,0.8734571500304755,0.0,1
ojollm,437.0,0.8734571500304755,0.0,1
ojollm,449.0,0.8734571500304755,0.0,1
ojollm,457.0,0.8734571500304755,0.0,1
ojollm,459.0,0.8738643161604924,0.0,1
ojollm,465.0,0.8738643161604924,0.0,1
ojollm,478.0,0.8738643161604924,0.0,1
ojollm,485.0,0.8778780271750668,0.0,1
ojollm,491.0,0.8778780271750668,0.0,1
ojollm,496.0,0.8778780271750668,0.0,1
ojollm,512.0,0.8778780271750668,0.0,1
ojollm,514.0,0.8778911826813731,0.0,1
ojollm,523.0,0.8778911826813731,0.0,1
ojollm,525.0,0.8778911826813731,0.0,1
ojollm,535.0,0.8778911826813731,0.0,1
ojollm,544.0,0.8778958240074244,0.0,1
ojollm,555.0,0.8778958240074244,0.0,1
ojollm,556.0,0.8778958240074244,0.0,1
ojollm,560.0,0.8778958240074244,0.0,1
ojollm,578.0,0.8779004119770626,0.0,1
ojollm,588.0,0.8779004119770626,0.0,1
ojollm,590.0,0.8779004119770626,0.0,1
ojollm,591.0,0.8779004119770626,0.0,1
ojollm,604.0,0.8779004119770626,0.0,1
ojollm,614.0,0.8779004119770626,0.0,1
ojollm,617.0,0.8779004119770626,0.0,1
ojollm,618.0,0.8779004119770626,0.0,1
ojollm,634.0,0.8779004119770626,0.0,1
ojollm,639.0,0.8779004119770626,0.0,1
ojollm,645.0,0.8779004119770626,0.0,1
ojollm,647.0,0.8779004119770626,0.0,1
ojollm,663.0,0.8779004119770626,0.0,1
ojollm,667.0,0.8779004119770626,0.0,1
ojollm,677.0,0.8779004119770626,0.0,1
ojollm,679.0,0.8779004119770626,0.0,1
ojollm,694.0,0.8779004119770626,0.0,1
ojollm,698.0,0.8837548068366546,0.0,1
ojollm,703.0,0.8837548068366546,0.0,1
ojollm,704.0,0.8837548068366546,0.0,1
ojollm,725.0,0.8837548068366546,0.0,1
ojollm,731.0,0.8900475454231654,0.0,1
ojollm,732.0,0.8900475454231654,0.0,1
ojollm,733.0,0.8900475454231654,0.0,1
ojollm,753.0,0.8900968383547488,0.0,1
ojollm,756.0,0.8900968383547488,0.0,1
ojollm,758.0,0.8900968383547488,0.0,1
ojollm,763.0,0.8900968383547488,0.0,1
ojollm,781.0,0.8902397214606077,0.0,1
ojollm,786.0,0.8902397214606077,0.0,1
ojollm,788.0,0.8902397214606077,0.0,1
ojollm,794.0,0.8902397214606077,0.0,1
ojollm,812.0,0.8902397214606077,0.0,1
ojollm,814.0,0.8902397214606077,0.0,1
ojollm,817.0,0.8902397214606077,0.0,1
ojollm,824.0,0.8902397214606077,0.0,1
ojollm,841.0,0.8902397214606077,0.0,1
ojollm,843.0,0.8902397214606077,0.0,1
ojollm,847.0,0.8902397214606077,0.0,1
ojollm,853.0,0.8902397214606077,0.0,1
ojollm,871.0,0.8902397214606077,0.0,1
ojollm,875.0,0.8902397214606077,0.003468222240751162,2
ojollm,881.0,0.8902397214606077,0.0,1
ojollm,899.0,0.8902397214606077,0.0,1
ojollm,901.0,0.8902397214606077,0.0,1
ojollm,903.0,0.8902397214606077,0.0,1
ojollm,912.0,0.8902397214606077,0.0,1
ojollm,927.0,0.8902397214606077,0.01300765777552787,2
ojollm,933.0,0.8902397214606077,0.0,1
ojollm,937.0,0.8902397214606077,0.0,1
ojollm,953.0,0.8902397214606077,0.0,1
ojollm,955.0,0.8902397214606077,0.0,1
ojollm,960.0,0.8902397214606077,0.0,1
ojollm,964.0,0.8902397214606077,0.0,1
ojollm,981.0,0.8902397214606077,0.0,1
ojollm,985.0,0.8902397214606077,0.0,1
ojollm,994.0,0.8902397214606077,0.0,1
ojollm,996.0,0.8902397214606077,0.0,1
ojollm,1014.0,0.8902397214606077,0.0,1
ojollm,1017.0,0.8902397214606077,0.0,1
ojollm,1023.0,0.8902397214606077,0.0,1
ojollm,1024.0,0.8902397214606077,0.0,1
ojollm,1042.0,0.8902397214606077,0.0,1
ojollm,1043.0,0.8902397214606077,0.0,1
ojollm,1052.0,0.8902397214606077,0.0,1
ojollm,1054.0,0.8902397214606077,0.0,1
ojollm,1071.0,0.8902397214606077,0.0,1
ojollm,1072.0,0.8902397214606077,0.0,1
ojollm,1081.0,0.8902397214606077,0.0,1
ojollm,1083.0,0.8902397214606077,0.0,1
ojollm,1101.0,0.8902397214606077,0.009302917800249833,2
ojollm,1108.0,0.8902397214606077,0.0,1
ojollm,1113.0,0.8902397214606077,0.0,1
ojollm,1127.0,0.8902397214606077,0.0,1
ojollm,1135.0,0.8902397214606077,0.0,1
ojollm,1136.0,0.8902397214606077,0.0,1
ojollm,1141.0,0.8902397214606077,0.0,1
ojollm,1156.0,0.8902397214606077,0.0,1
ojollm,1162.0,0.8902397214606077,0.0,1
ojollm,1166.0,0.8902397214606077,0.0,1
ojollm,1176.0,0.8902397214606077,0.0,1
ojollm,1189.0,0.8902397214606077,0.0,1
ojollm,1195.0,0.8902397214606077,0.0,1
ojollm,1199.0,0.8902397214606077,0.0,1
ojollm,1206.0,0.8902397214606077,0.0,1
ojollm,1218.0,0.8902397214606077,0.0,1
ojollm,1227.0,0.8902397214606077,0.0,1
ojollm,1232.0,0.8902397214606077,0.0093619277395523,2
ojollm,1245.0,0.8902397214606077,0.0,1
ojollm,1255.0,0.8902397214606077,0.0,1
ojollm,1259.0,0.8902397214606077,0.0,1
ojollm,1265.0,0.8902397214606077,0.0,1
ojollm,1273.0,0.8902397214606077,0.0,1
ojollm,1285.0,0.8964209074454701,0.0,1
ojollm,1288.0,0.8964209074454701,0.0,1
ojollm,1295.0,0.8964209074454701,0.0,1
ojollm,1305.0,0.8964209074454701,0.0,1
ojollm,1313.0,0.8964583751266472,0.0,1
ojollm,1317.0,0.8964583751266472,0.0,1
ojollm,1328.0,0.8964583751266472,0.006888719427041057,2
ojollm,1344.0,0.8966747126415657,0.0,1
ojollm,1349.0,0.8966747126415657,0.0,1
ojollm,1358.0,0.8966747126415657,0.0,1
ojollm,1360.0,0.8966747126415657,0.0,1
ojollm,1374.0,0.896674713117245,0.0,1
ojollm,1378.0,0.896674713117245,0.0,1
ojollm,1389.0,0.896674713117245,0.0,1
ojollm,1391.0,0.896674713117245,0.0,1
ojollm,1406.0,0.8966766283149745,0.0,1
ojollm,1408.0,0.8966766283149745,0.0,1
ojollm,1415.0,0.8966766283149745,0.0,1
ojollm,1417.0,0.8966766283149745,0.0,1
ojollm,1437.0,0.8966766283149745,0.012585332789213144,2
ojollm,1446.0,0.8966766283149745,0.0,1
ojollm,1447.0,0.8966766283149745,0.0,1
ojollm,1462.0,0.8966766283149745,0.0,1
ojollm,1469.0,0.8966875525081726,0.0,1
ojollm,1476.0,0.8966875525081726,0.0,1
ojollm,1477.0,0.8966875525081726,0.0,1
ojollm,1493.0,0.8966875525081726,0.0,1
ojollm,1501.0,0.8966938396739897,0.0,1
ojollm,1506.0,0.8966938396739897,0.0,1
ojollm,1509.0,0.8966938396739897,0.0,1
ojollm,1521.0,0.8966938396739897,0.0,1
ojollm,1528.0,0.8968720249368585,0.0,1
ojollm,1529.0,0.8968720249368585,0.0,1
ojollm,1542.0,0.8968720249368585,0.0,1
ojollm,1551.0,0.8968720249368585,0.0,1
ojollm,1554.0,0.8968720249368585,0.0,1
ojollm,1560.0,0.8968720249368585,0.0,1
ojollm,1568.0,0.8968720249368585,0.0,1
ojollm,1581.0,0.8968720249368585,0.0,1
ojollm,1583.0,0.8968720249368585,0.0,1
ojollm,1586.0,0.8968720249368585,0.0,1
ojollm,1600.0,0.8968720249368585,0.0,1
ojollm,1602.0,0.8968720249368585,0.0,1
ojollm,1616.0,0.8968720249368585,0.0,1
ojollm,1618.0,0.8968720249368585,0.0,1
ojollm,1626.0,0.8968720249368585,0.0,1
ojollm,1632.0,0.8968720249368585,0.0,1
ojollm,1644.0,0.8968720249368585,0.0,1
ojollm,1646.0,0.8968720249368585,0.0,1
ojollm,1657.0,0.8968720249368585,0.0,1
ojollm,1658.0,0.8968720249368585,0.0,1
ojollm,1671.0,0.8968720249368585,0.0,1
ojollm,1675.0,0.8968720249368585,0.0,1
ojollm,1683.0,0.8968720249368585,0.0,1
ojollm,1684.0,0.8968720249368585,0.0,1
ojollm,1700.0,0.8968720249368585,0.0,1
ojollm,1707.0,0.8968720249368585,0.0,1
ojollm,1711.0,0.8987067812114599,0.0,1
ojollm,1713.0,0.8987067812114599,0.0,1
ojollm,1729.0,0.8987067812114599,0.0,1
ojollm,1738.0,0.8987067812114599,0.0,1
ojollm,1741.0,0.8987081696637693,0.0,1
ojollm,1742.0,0.8987081696637693,0.0,1
ojollm,1756.0,0.8987081696637693,0.0,1
ojollm,1769.0,0.8987081696637693,0.0,1
ojollm,1770.0,0.8987081696637693,0.0,1
ojollm,1772.0,0.8987081696637693,0.0,1
ojollm,1785.0,0.8987081696637693,0.0,1
ojollm,1800.0,0.8987081696637693,0.0,1
ojollm,1802.0,0.8987081696637693,0.0,1
ojollm,1809.0,0.8987081696637693,0.0,1
ojollm,1814.0,0.8987081696637693,0.0,1
ojollm,1828.0,0.8987081696637693,0.0,1
ojollm,1832.0,0.8987081696637693,0.0,1
ojollm,1840.0,0.8987081696637693,0.0,1
ojollm,1843.0,0.8987081696637693,0.0,1
ojollm,1855.0,0.8987081696637693,0.0,1
ojollm,1861.0,0.8987081696637693,0.0,1
ojollm,1872.0,0.8987081696637693,0.0,1
ojollm,1873.0,0.8987081696637693,0.0,1
ojollm,1880.0,0.8987081696637693,0.0,1
ojollm,1894.0,0.8987081696637693,0.0,1
ojollm,1903.0,0.8987081696637693,0.0,1
ojollm,1907.0,0.8987081696637693,0.005214084505257011,2
ojollm,1925.0,0.8987081696637693,0.0,1
ojollm,1933.0,0.8987081696637693,0.007230799555014378,2
ojollm,1937.0,0.8987081696637693,0.0,1
ojollm,1960.0,0.8987081696637693,0.0,1
ojollm,1963.0,0.8987081696637693,0.0,1
ojollm,1964.0,0.8987081696637693,0.0,1
ojollm,1965.0,0.8987081696637693,0.0,1
ojollm,1980.0,0.8987081696637693,0.0,1
ojollm,1984.0,0.8987081696637693,0.0,1
ojollm,1985.0,0.8987081696637693,0.0,1
ojollm,1987.0,0.8987081696637693,0.0,1
ojollm,1988.0,0.8987081696637693,0.0,1
ojollm,1989.0,0.8987081696637693,0.003954750834619444,3
ojollm,1991.0,0.8987081696637693,0.0019019457337589975,3
ojollm,1992.0,0.8987081696637693,0.0,1
ojollm,1996.0,0.8987081696637693,0.0,2
ojollm,1999.0,0.8987081696637693,0.0,2